imagem,aluno,x1,y1,x2,y2,confianca_yolo,proporcao,boca,indice,status,modo_coletivo,media_atencao_imagem
testeFOCA1.jpg,1,1125,193,1223,318,0.865,0.78,0.0,0.94,FOCADO,False,0.85
testeFOCA1.jpg,2,952,321,1079,483,0.8514,0.78,0.0,0.94,FOCADO,False,0.85
testeFOCA1.jpg,3,602,293,707,407,0.8282,0.92,0.0,0.64,PARCIAL,False,0.85
testeFOCA1.jpg,4,316,306,429,448,0.8169,0.8,0.0,0.9,FOCADO,False,0.85
testeFOCA1.jpg,5,883,234,953,333,0.8003,0.71,0.0,0.92,FOCADO,False,0.85
testeFOCA1.jpg,6,1371,323,1448,426,0.7888,0.75,0.0,1.0,FOCADO,False,0.85
testeFOCA1.jpg,7,294,245,381,340,0.7265,0.92,0.0,0.64,PARCIAL,False,0.85
testeFOCA2.jpg,1,618,156,661,203,0.8486,0.91,0.0,0.66,PARCIAL,False,0.8
testeFOCA2.jpg,2,79,264,129,324,0.8028,0.83,0.0,0.84,FOCADO,False,0.8
testeFOCA2.jpg,3,87,194,111,224,0.8021,0.8,0.0,0.9,FOCADO,False,0.8
testeFOCA2.jpg,4,309,198,329,226,0.7983,0.71,0.0,0.92,FOCADO,False,0.8
testeFOCA2.jpg,5,526,184,548,211,0.7869,0.81,0.0,0.88,FOCADO,False,0.8
testeFOCA2.jpg,6,241,177,258,198,0.7808,0.81,0.0,0.88,FOCADO,False,0.8
testeFOCA2.jpg,7,403,174,421,197,0.769,0.78,0.0,0.94,FOCADO,False,0.8
testeFOCA2.jpg,8,178,162,193,180,0.7669,0.83,0.0,0.84,FOCADO,False,0.8
testeFOCA2.jpg,9,204,200,230,230,0.7593,0.87,0.0,0.75,FOCADO,False,0.8
testeFOCA2.jpg,10,40,177,61,199,0.7556,0.95,0.0,0.57,PARCIAL,False,0.8
testeFOCA2.jpg,11,13,152,28,168,0.7103,0.94,0.0,0.59,PARCIAL,False,0.8
testeFOCA2.jpg,12,90,159,104,176,0.71,0.82,0.0,0.86,FOCADO,False,0.8
testeFOCA3.jpg,1,1079,779,1259,979,0.87,0.9,0.0,0.69,PARCIAL,False,0.63
testeFOCA3.jpg,2,382,520,522,701,0.8551,0.77,0.0,0.96,FOCADO,False,0.63
testeFOCA3.jpg,3,175,237,269,349,0.847,0.84,0.0,0.82,FOCADO,False,0.63
testeFOCA3.jpg,4,555,271,654,397,0.8469,0.79,0.0,0.92,FOCADO,False,0.63
testeFOCA3.jpg,5,922,265,1004,363,0.8392,0.84,0.0,0.82,FOCADO,False,0.63
testeFOCA3.jpg,6,739,182,811,266,0.8317,0.86,0.0,0.78,FOCADO,False,0.63
testeFOCA3.jpg,7,1210,231,1291,331,0.825,0.81,0.0,0.88,FOCADO,False,0.63
testeFOCA3.jpg,8,422,178,503,275,0.8145,0.84,0.0,0.82,FOCADO,False,0.63
testeFOCA3.jpg,9,637,150,703,228,0.8141,0.85,0.0,0.8,FOCADO,False,0.63
testeFOCA3.jpg,10,687,359,781,467,0.814,0.87,0.0,0.75,FOCADO,False,0.63
testeFOCA3.jpg,11,242,117,296,181,0.8072,0.84,0.0,0.82,FOCADO,False,0.63
testeFOCA3.jpg,12,1302,335,1393,435,0.7906,0.91,0.0,0.66,PARCIAL,False,0.63
testeFOCA3.jpg,13,136,149,216,242,0.7787,0.86,0.0,0.78,FOCADO,False,0.63
testeFOCA3.jpg,14,1477,37,1523,97,0.7747,0.77,0.0,0.96,FOCADO,False,0.63
testeFOCA3.jpg,15,1379,65,1431,124,0.7716,0.88,0.0,0.73,FOCADO,False,0.63
testeFOCA3.jpg,16,1277,533,1374,628,0.7359,1.02,0.0,0.41,DISTRAIDO,False,0.63
testeFOCA3.jpg,17,1572,85,1600,135,0.7301,0.56,0.0,0.08,DISTRAIDO,False,0.63
testeFOCA3.jpg,18,0,93,12,179,0.498,0.14,0.0,0.0,DISTRAIDO,False,0.63
testeFOCA3.jpg,19,1555,649,1600,791,0.3402,0.32,0.0,0.0,DISTRAIDO,False,0.63
testeFOCA3.jpg,20,1561,525,1599,605,0.3206,0.47,0.0,0.0,DISTRAIDO,False,0.63
testeFOCA4.jpg,1,1397,280,1530,447,0.8591,0.8,0.0,0.9,FOCADO,False,0.67
testeFOCA4.jpg,2,0,401,91,531,0.8403,0.7,0.0,0.9,FOCADO,False,0.67
testeFOCA4.jpg,3,106,236,181,313,0.811,0.97,0.0,0.53,PARCIAL,False,0.67
testeFOCA4.jpg,4,1380,168,1454,241,0.791,1.01,0.0,0.43,DISTRAIDO,False,0.67
testeFOCA4.jpg,5,1070,192,1159,293,0.7818,0.88,0.0,0.73,FOCADO,False,0.67
testeFOCA4.jpg,6,889,284,1012,421,0.7802,0.9,0.0,0.69,PARCIAL,False,0.67
testeFOCA4.jpg,7,618,274,704,379,0.7311,0.82,0.0,0.86,FOCADO,False,0.67
testeFOCA4.jpg,8,455,252,530,309,0.7135,1.32,0.0,0.0,DISTRAIDO,False,0.67
testeFOCA4.jpg,9,828,184,890,266,0.667,0.76,0.0,0.98,FOCADO,False,0.67
testeFOCA5.webp,1,99,46,156,114,0.8573,0.84,0.0,0.82,FOCADO,False,0.78
testeFOCA5.webp,2,323,65,371,122,0.8384,0.84,0.0,0.82,FOCADO,False,0.78
testeFOCA5.webp,3,261,85,285,114,0.8271,0.83,0.0,0.84,FOCADO,False,0.78
testeFOCA5.webp,4,172,87,200,116,0.7953,0.97,0.0,0.53,PARCIAL,False,0.78
testeFOCA5.webp,5,223,79,243,104,0.7741,0.8,0.0,0.9,FOCADO,False,0.78
testeRostoLula.jpg,1,203,238,719,925,0.8693,0.75,0.0,1.0,FOCADO,False,1.0
testeRostoVirado.jpg,1,284,42,427,245,0.8845,0.7,0.0,0.9,FOCADO,False,0.9
testeTurma.jpg,1,221,126,308,213,0.8351,1.0,0.0,0.46,PARCIAL,False,0.63
testeTurma.jpg,2,28,24,46,45,0.8178,0.86,0.0,0.78,FOCADO,False,0.63
testeTurma.jpg,3,544,48,587,90,0.7996,1.02,0.0,0.41,DISTRAIDO,False,0.63
testeTurma.jpg,4,480,27,502,54,0.7958,0.81,0.0,0.88,FOCADO,False,0.63
testeTurma.jpg,5,223,40,240,59,0.7949,0.89,0.0,0.71,FOCADO,False,0.63
testeTurma.jpg,6,458,109,526,174,0.7935,1.05,0.0,0.34,DISTRAIDO,False,0.63
testeTurma.jpg,7,416,52,440,80,0.7865,0.86,0.0,0.78,FOCADO,False,0.63
testeTurma.jpg,8,157,28,176,49,0.7854,0.9,0.0,0.69,PARCIAL,False,0.63
testeTurma.jpg,9,109,32,125,51,0.7803,0.84,0.0,0.82,FOCADO,False,0.63
testeTurma.jpg,10,279,25,299,56,0.7776,0.65,0.0,0.8,FOCADO,False,0.63
testeTurma.jpg,11,606,53,644,85,0.6934,1.19,0.0,0.02,DISTRAIDO,False,0.63
testeTurma.jpg,12,74,101,98,129,0.3486,0.86,0.0,0.78,FOCADO,False,0.63
testeTurma.jpg,13,218,24,232,40,0.3402,0.88,0.0,0.73,FOCADO,False,0.63
